file_key,emotion
Q1_0vLPYiPN7qY_0,happy
Q1_0vLPYiPN7qY_1,happy
Q1_0vLPYiPN7qY_2,happy
Q1_1Qc15G0ZHIg_1,happy
Q1_1Qc15G0ZHIg_2,happy
Q1_1Qc15G0ZHIg_3,happy
Q1_1vjy9oMFa8c_2,happy
Q1_1vjy9oMFa8c_4,happy
Q1_1vjy9oMFa8c_5,happy
Q1_2Z9SjI131jA_0,happy
Q1_2Z9SjI131jA_1,happy
Q1_2Z9SjI131jA_10,happy
Q1_2Z9SjI131jA_11,happy
Q1_2Z9SjI131jA_12,happy
Q1_2Z9SjI131jA_13,happy
Q1_2Z9SjI131jA_14,happy
Q1_2Z9SjI131jA_15,happy
Q1_2Z9SjI131jA_2,happy
Q1_2Z9SjI131jA_3,happy
Q1_2Z9SjI131jA_4,happy
Q1_2Z9SjI131jA_7,happy
Q1_2Z9SjI131jA_8,happy
Q1_2Z9SjI131jA_9,happy
Q1_3N2G21U7guk_3,happy
Q1_3N2G21U7guk_5,happy
Q1_3N2G21U7guk_6,happy
Q1_3ahg_eQZhxs_0,happy
Q1_3ahg_eQZhxs_1,happy
Q1_4dXC1cC7crw_0,happy
Q1_4dXC1cC7crw_1,happy
Q1_4ydjOX3pWds_0,happy
Q1_4ydjOX3pWds_1,happy
Q1_5Ju9q1N2x0E_2,happy
Q1_5NW0zDu6IYM_2,happy
Q1_60LLKmpgzRM_0,happy
Q1_6Uf9XBUD3wE_0,happy
Q1_6Uf9XBUD3wE_1,happy
Q1_6kRPHamGDSo_0,happy
Q1_6kRPHamGDSo_1,happy
Q1_6kRPHamGDSo_3,happy
Q1_6wFJhmhNeeg_0,happy
Q1_7yW9c7t8Hq0_1,happy
Q1_7yW9c7t8Hq0_2,happy
Q1_7yW9c7t8Hq0_3,happy
Q1_8izVTDgBQPc_0,happy
Q1_8izVTDgBQPc_1,happy
Q1_8rupdevqfuI_0,happy
Q1_8rupdevqfuI_1,happy
Q1_8rupdevqfuI_2,happy
Q1_94ROf10d1iA_0,happy
Q1_94ROf10d1iA_1,happy
Q1_94ROf10d1iA_2,happy
Q1_94ROf10d1iA_3,happy
Q1_9Yb9OEVwups_0,happy
Q1_9v2WSpn4FCw_0,happy
Q1_9v2WSpn4FCw_1,happy
Q1_9v2WSpn4FCw_10,happy
Q1_9v2WSpn4FCw_2,happy
Q1_9v2WSpn4FCw_5,happy
Q1_9v2WSpn4FCw_6,happy
Q1_ANZf1QXsNrY_0,happy
Q1_ANZf1QXsNrY_1,happy
Q1_ANZf1QXsNrY_2,happy
Q1_ANZf1QXsNrY_3,happy
Q1_ANZf1QXsNrY_4,happy
Q1_ANZf1QXsNrY_5,happy
Q1_BGf5nCdzPOc_0,happy
Q1_BGf5nCdzPOc_1,happy
Q1_Cg2u_Ldjv8g_0,happy
Q1_Cg2u_Ldjv8g_1,happy
Q1_DX1IK3z1w10_1,happy
Q1_Fc1qk52SaKY_0,happy
Q1_Fc1qk52SaKY_1,happy
Q1_FfwKrQyQ7WU_0,happy
Q1_FfwKrQyQ7WU_1,happy
Q1_FfwKrQyQ7WU_2,happy
Q1_FfwKrQyQ7WU_3,happy
Q1_GY3f6ckBVkA_0,happy
Q1_GY3f6ckBVkA_1,happy
Q1_GY3f6ckBVkA_2,happy
Q1_GY3f6ckBVkA_3,happy
Q1_GbUV3TXUzeQ_1,happy
Q1_GbUV3TXUzeQ_2,happy
Q1_HY9vPoHbgaI_0,happy
Q1_HY9vPoHbgaI_1,happy
Q1_HY9vPoHbgaI_2,happy
Q1_HY9vPoHbgaI_3,happy
Q1_IH2KrGjKXw0_3,happy
Q1_Ie5koh4qvJc_12,happy
Q1_Ie5koh4qvJc_6,happy
Q1_J6X3rVU1H-c_1,happy
Q1_J6X3rVU1H-c_2,happy
Q1_JT1XJnVmABo_2,happy
Q1_JT1XJnVmABo_3,happy
Q1_JT1XJnVmABo_4,happy
Q1_JT1XJnVmABo_5,happy
Q1_JYVXM0qNQAg_0,happy
Q1_JYVXM0qNQAg_2,happy
Q1_Jn9r0avp0fY_0,happy
Q1_Jn9r0avp0fY_1,happy
Q1_Jn9r0avp0fY_2,happy
Q1_Jn9r0avp0fY_3,happy
Q1_K6OFDxBU370_0,happy
Q1_K6OFDxBU370_1,happy
Q1_KxlqB3j0zys_0,happy
Q1_KxlqB3j0zys_1,happy
Q1_NGE9ynTJABg_0,happy
Q1_NGE9ynTJABg_1,happy
Q1_NGE9ynTJABg_2,happy
Q1_NP0lwB-_-og_1,happy
Q1_POaIGvLsp5M_0,happy
Q1_POaIGvLsp5M_1,happy
Q1_PdwxeMPXOCk_0,happy
Q1_PdwxeMPXOCk_1,happy
Q1_PdwxeMPXOCk_2,happy
Q1_QwsQ8ejbMKg_0,happy
Q1_QwsQ8ejbMKg_1,happy
Q1_RaUSISlnhKw_0,happy
Q1_RaUSISlnhKw_1,happy
Q1_RaUSISlnhKw_2,happy
Q1_SQDuF0qxGQw_0,happy
Q1_SQDuF0qxGQw_1,happy
Q1_SQDuF0qxGQw_2,happy
Q1_SlsXsqotUis_0,happy
Q1_T92R7xjce34_1,happy
Q1_TNoaOTrTkTQ_0,happy
Q1_TNoaOTrTkTQ_1,happy
Q1_TNoaOTrTkTQ_2,happy
Q1_UJcnNfeCN1c_2,happy
Q1_UJcnNfeCN1c_3,happy
Q1_UOSlDydo94E_0,happy
Q1_UOSlDydo94E_1,happy
Q1_UOSlDydo94E_2,happy
Q1_UYh88SRZC24_0,happy
Q1_UYh88SRZC24_1,happy
Q1_V3Y9L4UOcpk_2,happy
Q1_VXgRfsVd_o0_0,happy
Q1_VXgRfsVd_o0_1,happy
Q1_VXgRfsVd_o0_2,happy
Q1_WpZ1rWHOCAQ_0,happy
Q1_WpZ1rWHOCAQ_1,happy
Q1_WpZ1rWHOCAQ_2,happy
Q1_Wy2-my19YnY_0,happy
Q1_Wy2-my19YnY_1,happy
Q1_XC_SiJszQx0_3,happy
Q1_Xsn9zT-05ns_0,happy
Q1_Xsn9zT-05ns_1,happy
Q1_Y5JcZQ0xg4Y_0,happy
Q1_Y5JcZQ0xg4Y_1,happy
Q1_Y5JcZQ0xg4Y_2,happy
Q1_Y5JcZQ0xg4Y_3,happy
Q1_ZgT7yq2jsBk_0,happy
Q1__8v0MFBZoco_0,happy
Q1__8v0MFBZoco_1,happy
Q1__BK2o77sTc0_0,happy
Q1__BK2o77sTc0_1,happy
Q1__SJQaaRzD-A_0,happy
Q1__SJQaaRzD-A_1,happy
Q1__kJtgm1OUNA_0,happy
Q1__kJtgm1OUNA_1,happy
Q1__kJtgm1OUNA_2,happy
Q1_aYe-2Glruu4_0,happy
Q1_aYe-2Glruu4_1,happy
Q1_aYe-2Glruu4_3,happy
Q1_aYe-2Glruu4_4,happy
Q1_bIx4DwkZxFY_0,happy
Q1_bIx4DwkZxFY_1,happy
Q1_bIx4DwkZxFY_2,happy
Q1_bQS8eAXAhyE_0,happy
Q1_bQS8eAXAhyE_1,happy
Q1_bQS8eAXAhyE_2,happy
Q1_biROWEwkDQQ_3,happy
Q1_cB-Xh8H_7-Q_0,happy
Q1_dfNdpy8TUzA_0,happy
Q1_dfNdpy8TUzA_1,happy
Q1_dfNdpy8TUzA_2,happy
Q1_doM_LWo-74A_0,happy
Q1_doM_LWo-74A_1,happy
Q1_doM_LWo-74A_2,happy
Q1_doM_LWo-74A_3,happy
Q1_doM_LWo-74A_4,happy
Q1_e838BE_MH6s_1,happy
Q1_e838BE_MH6s_2,happy
Q1_e838BE_MH6s_3,happy
Q1_e838BE_MH6s_4,happy
Q1_e8NQ2NH0nc8_0,happy
Q1_e8NQ2NH0nc8_1,happy
Q1_eVMSeElk81Q_0,happy
Q1_eVMSeElk81Q_1,happy
Q1_eVMSeElk81Q_2,happy
Q1_fey-8bOR95E_0,happy
Q1_fey-8bOR95E_1,happy
Q1_fey-8bOR95E_2,happy
Q1_fey-8bOR95E_3,happy
Q1_gSwv8hZGM-s_0,happy
Q1_gSwv8hZGM-s_1,happy
Q1_gwmVjvR-sVs_0,happy
Q1_gwmVjvR-sVs_1,happy
Q1_iFgSjUqI7iM_0,happy
Q1_iFgSjUqI7iM_1,happy
Q1_im4Qxn3GQvo_0,happy
Q1_im4Qxn3GQvo_1,happy
Q1_im4Qxn3GQvo_2,happy
Q1_jziI_cuN_H8_0,happy
Q1_jziI_cuN_H8_1,happy
Q1_jziI_cuN_H8_2,happy
Q1_k4dxAlI5N-k_0,happy
Q1_k4dxAlI5N-k_1,happy
Q1_ldCQ6N9G6Mk_2,happy
Q1_mX-xs3OVhTs_0,happy
Q1_mX-xs3OVhTs_1,happy
Q1_miqLU2739dk_1,happy
Q1_nOIBJHkqrE8_0,happy
Q1_o5AIp2Yc01M_0,happy
Q1_o5AIp2Yc01M_1,happy
Q1_osxmQReE_2o_0,happy
Q1_pNwQ9Tu_bCs_0,happy
Q1_pNwQ9Tu_bCs_1,happy
Q1_pNwQ9Tu_bCs_2,happy
Q1_qlbazHayULg_8,happy
Q1_r6laJv1-HMg_0,happy
Q1_s5b8viFsVJE_0,happy
Q1_s5b8viFsVJE_1,happy
Q1_s5b8viFsVJE_2,happy
Q1_s6-SbDSZzEU_0,happy
Q1_s6-SbDSZzEU_1,happy
Q1_sUJ4a74Skk8_0,happy
Q1_sZe3IB1OVfw_0,happy
Q1_sZe3IB1OVfw_1,happy
Q1_uqRLEByE6pU_0,happy
Q1_uqRLEByE6pU_1,happy
Q1_uqRLEByE6pU_2,happy
Q1_vv6nrZ2myXw_0,happy
Q1_vv6nrZ2myXw_1,happy
Q1_vv6nrZ2myXw_2,happy
Q1_vv6nrZ2myXw_3,happy
Q1_vv6nrZ2myXw_4,happy
Q1_wnB2cjd6zbE_0,happy
Q1_xrhWli_R98g_1,happy
Q1_xrhWli_R98g_3,happy
Q1_yFw_kO7DF-Y_0,happy
Q1_yFw_kO7DF-Y_1,happy
Q1_yFw_kO7DF-Y_2,happy
Q1_zHwJG8Rrx6c_0,happy
Q1_zHwJG8Rrx6c_1,happy
Q1_zHwJG8Rrx6c_2,happy
Q1_zHwJG8Rrx6c_3,happy
Q1_zmZHNy9T8Pg_0,happy
Q1_zmZHNy9T8Pg_1,happy
Q1_zmZHNy9T8Pg_2,happy
Q2_--2B4d4lQhs_0,angry
Q2_--2B4d4lQhs_1,angry
Q2_--2B4d4lQhs_2,angry
Q2_-jJVb0xvbdg_0,angry
Q2_-jJVb0xvbdg_1,angry
Q2_08t73Qgjkt4_0,angry
Q2_08t73Qgjkt4_1,angry
Q2_08t73Qgjkt4_2,angry
Q2_0H4rq0L9OSw_0,angry
Q2_0H4rq0L9OSw_1,angry
Q2_0J7lX-Tcx-w_0,angry
Q2_0J7lX-Tcx-w_1,angry
Q2_0J7lX-Tcx-w_2,angry
Q2_0qYNvMCEwaw_0,angry
Q2_0v2N1ROvEI0_0,angry
Q2_0v2N1ROvEI0_1,angry
Q2_16OaOpfOPZ0_2,angry
Q2_16OaOpfOPZ0_3,angry
Q2_1EDThWjNxOI_0,angry
Q2_1EDThWjNxOI_1,angry
Q2_1Q3MoBFh6eU_1,angry
Q2_1TAKQK3s6qQ_0,angry
Q2_1kny88W533Q_0,angry
Q2_1kny88W533Q_2,angry
Q2_1kny88W533Q_3,angry
Q2_1kny88W533Q_4,angry
Q2_2uLw9Zs60A4_0,angry
Q2_38i12IPkL5c_0,angry
Q2_38i12IPkL5c_1,angry
Q2_38i12IPkL5c_2,angry
Q2_3ZnxqCZ7qGg_1,angry
Q2_3ZnxqCZ7qGg_2,angry
Q2_3_MxhSS86oU_0,angry
Q2_3_MxhSS86oU_1,angry
Q2_48EYLEAgaBc_0,angry
Q2_48EYLEAgaBc_1,angry
Q2_5CEAeMiXKaA_0,angry
Q2_5NW0zDu6IYM_0,angry
Q2_5NW0zDu6IYM_1,angry
Q2_61EA0xRX8gE_0,angry
Q2_61EA0xRX8gE_1,angry
Q2_61EA0xRX8gE_3,angry
Q2_61EA0xRX8gE_4,angry
Q2_61EA0xRX8gE_5,angry
Q2_6n8HgIcJ6vo_0,angry
Q2_78C_TpQDvVE_0,angry
Q2_78C_TpQDvVE_1,angry
Q2_7n32BtYb4d4_0,angry
Q2_7n32BtYb4d4_1,angry
Q2_7n32BtYb4d4_2,angry
Q2_7n32BtYb4d4_3,angry
Q2_8TYY0qG-KOw_1,angry
Q2_8c7kcmsnf-s_0,angry
Q2_8c7kcmsnf-s_1,angry
Q2_8c7kcmsnf-s_2,angry
Q2_9v2WSpn4FCw_1,angry
Q2_9v2WSpn4FCw_2,angry
Q2_9v2WSpn4FCw_3,angry
Q2_9v2WSpn4FCw_4,angry
Q2_9v2WSpn4FCw_5,angry
Q2_9v2WSpn4FCw_6,angry
Q2_9v2WSpn4FCw_7,angry
Q2_9v2WSpn4FCw_8,angry
Q2_ANZf1QXsNrY_6,angry
Q2_ANZf1QXsNrY_7,angry
Q2_AWNbcxXDmt0_0,angry
Q2_AacIP9mDLw8_0,angry
Q2_AacIP9mDLw8_2,angry
Q2_BzqX-9TA-GY_1,angry
Q2_BzqX-9TA-GY_2,angry
Q2_CxFXrYgdSSI_0,angry
Q2_CxFXrYgdSSI_1,angry
Q2_CxFXrYgdSSI_2,angry
Q2_D-gDPh9ZpFk_0,angry
Q2_D-gDPh9ZpFk_1,angry
Q2_D-gDPh9ZpFk_2,angry
Q2_D5kyjnlDNZs_0,angry
Q2_D5kyjnlDNZs_1,angry
Q2_D5kyjnlDNZs_2,angry
Q2_DYBBfpEx-JI_0,angry
Q2_DYBBfpEx-JI_1,angry
Q2_DYBBfpEx-JI_2,angry
Q2_DYBBfpEx-JI_3,angry
Q2_Dg935IbDggo_0,angry
Q2_Dg935IbDggo_1,angry
Q2_Dg935IbDggo_2,angry
Q2_Dg935IbDggo_3,angry
Q2_DhnX54kOW8U_0,angry
Q2_EtAbPc20mn8_0,angry
Q2_FUAK5TBaNY8_1,angry
Q2_GwdQliEv6Z0_0,angry
Q2_GwdQliEv6Z0_1,angry
Q2_Ie5koh4qvJc_10,angry
Q2_Ie5koh4qvJc_11,angry
Q2_Ie5koh4qvJc_13,angry
Q2_Ie5koh4qvJc_26,angry
Q2_Ie5koh4qvJc_30,angry
Q2_Ie5koh4qvJc_7,angry
Q2_Ie5koh4qvJc_9,angry
Q2_Iq6g_4AwUWs_0,angry
Q2_Iq6g_4AwUWs_1,angry
Q2_ItGNJM6skM4_1,angry
Q2_ItGNJM6skM4_2,angry
Q2_JMt4m608s3k_0,angry
Q2_JMt4m608s3k_1,angry
Q2_JMt4m608s3k_2,angry
Q2_JT1XJnVmABo_6,angry
Q2_JYVXM0qNQAg_1,angry
Q2_Kk60F8a7-Jw_0,angry
Q2_L3_TadjSQQ0_0,angry
Q2_L3_TadjSQQ0_1,angry
Q2_OCqMDeD6Fmc_0,angry
Q2_OCqMDeD6Fmc_1,angry
Q2_OCqMDeD6Fmc_2,angry
Q2_OCqMDeD6Fmc_3,angry
Q2_P-We4q3goKU_1,angry
Q2_P-We4q3goKU_2,angry
Q2_P-We4q3goKU_3,angry
Q2_P-We4q3goKU_4,angry
Q2_P-We4q3goKU_5,angry
Q2_P-We4q3goKU_6,angry
Q2_PZN7XLKzLDI_0,angry
Q2_Q5b5unyP8BM_0,angry
Q2_Q5b5unyP8BM_1,angry
Q2_QmK_SND2jAw_0,angry
Q2_QmK_SND2jAw_1,angry
Q2_REq37pDAm3A_2,angry
Q2_RiQMuhk_SuQ_1,angry
Q2_RiQMuhk_SuQ_2,angry
Q2_RiQMuhk_SuQ_3,angry
Q2_S1T3UF1vhSk_1,angry
Q2_S1T3UF1vhSk_2,angry
Q2_S7Bo4-NCEDk_0,angry
Q2_S7Bo4-NCEDk_1,angry
Q2_S7Bo4-NCEDk_2,angry
Q2_TcFVq0leii4_1,angry
Q2_TcFVq0leii4_2,angry
Q2_UAm0aWvzFI8_0,angry
Q2_UAm0aWvzFI8_1,angry
Q2_UE0y8MHqT-g_1,angry
Q2_UE0y8MHqT-g_2,angry
Q2_UJcnNfeCN1c_1,angry
Q2_UTo7E0evQWw_0,angry
Q2_Uu-oRTRT6uQ_0,angry
Q2_Uu-oRTRT6uQ_1,angry
Q2_Uu-oRTRT6uQ_2,angry
Q2_WBxql6cuU7c_0,angry
Q2_WQrPcuy50aA_0,angry
Q2_WQrPcuy50aA_1,angry
Q2_XC_SiJszQx0_1,angry
Q2_XfA2KXodrOE_0,angry
Q2_XfA2KXodrOE_1,angry
Q2_ZTrEoB8T9YA_0,angry
Q2_ZTrEoB8T9YA_1,angry
Q2_ZTrEoB8T9YA_2,angry
Q2_ZdyiXIlKe_Y_0,angry
Q2_ZdyiXIlKe_Y_1,angry
Q2__FVzelKlBFs_0,angry
Q2__FVzelKlBFs_1,angry
Q2__FVzelKlBFs_2,angry
Q2__S991V8N-8s_1,angry
Q2__vZOEQCYSaY_1,angry
Q2_aYe-2Glruu4_2,angry
Q2_b8HVQtIoBYU_0,angry
Q2_b8HVQtIoBYU_1,angry
Q2_bfopzItCYrE_1,angry
Q2_cFWdWpyvwag_0,angry
Q2_cFWdWpyvwag_1,angry
Q2_cQp1BYDGcRo_0,angry
Q2_cQp1BYDGcRo_1,angry
Q2_cm6E860vDjY_0,angry
Q2_cm6E860vDjY_1,angry
Q2_cm6E860vDjY_2,angry
Q2_dtS02mrDMsM_0,angry
Q2_dtS02mrDMsM_1,angry
Q2_dtS02mrDMsM_2,angry
Q2_dtS02mrDMsM_3,angry
Q2_dtS02mrDMsM_4,angry
Q2_eGQUZ9FlUJ4_0,angry
Q2_eGQUZ9FlUJ4_1,angry
Q2_epX33OVpkmA_0,angry
Q2_epX33OVpkmA_1,angry
Q2_epX33OVpkmA_2,angry
Q2_ezoAduuCkUs_0,angry
Q2_f2BXXa7lPuE_0,angry
Q2_f2BXXa7lPuE_1,angry
Q2_f2BXXa7lPuE_2,angry
Q2_f2BXXa7lPuE_3,angry
Q2_fuCxYrru2S4_1,angry
Q2_fuCxYrru2S4_2,angry
Q2_gvWDOIiocuE_1,angry
Q2_ijfxkQPAQdE_1,angry
Q2_ijfxkQPAQdE_2,angry
Q2_ivCNV47tsRw_0,angry
Q2_ivCNV47tsRw_1,angry
Q2_ivCNV47tsRw_2,angry
Q2_ivCNV47tsRw_3,angry
Q2_iwxwLEvqeD8_1,angry
Q2_jIKX3ShvLxo_0,angry
Q2_jIKX3ShvLxo_1,angry
Q2_jIKX3ShvLxo_2,angry
Q2_jO2zX6Ul8GM_0,angry
Q2_jO2zX6Ul8GM_1,angry
Q2_jTPXwbDtIpA_1,angry
Q2_jTPXwbDtIpA_2,angry
Q2_jrVXitpLGMk_0,angry
Q2_jrVXitpLGMk_1,angry
Q2_jrVXitpLGMk_2,angry
Q2_k-FNDbK6Qhg_0,angry
Q2_k-FNDbK6Qhg_2,angry
Q2_k4lT-sXg3iI_0,angry
Q2_k4lT-sXg3iI_1,angry
Q2_k4lT-sXg3iI_2,angry
Q2_kKFwiXKlhC8_0,angry
Q2_kKFwiXKlhC8_1,angry
Q2_l-4Kce3YxxQ_0,angry
Q2_l-4Kce3YxxQ_1,angry
Q2_l-4Kce3YxxQ_2,angry
Q2_l-4Kce3YxxQ_3,angry
Q2_l-4Kce3YxxQ_4,angry
Q2_lFznCt5kvXM_0,angry
Q2_lalnGhxT3PQ_0,angry
Q2_lalnGhxT3PQ_1,angry
Q2_miqLU2739dk_0,angry
Q2_mlHheZbblT0_0,angry
Q2_mlHheZbblT0_1,angry
Q2_nOIBJHkqrE8_1,angry
Q2_o20YCzej5_s_0,angry
Q2_pouxqiySdI8_0,angry
Q2_pouxqiySdI8_1,angry
Q2_qlbazHayULg_0,angry
Q2_qlbazHayULg_1,angry
Q2_qlbazHayULg_10,angry
Q2_qlbazHayULg_11,angry
Q2_qlbazHayULg_12,angry
Q2_qlbazHayULg_2,angry
Q2_qlbazHayULg_4,angry
Q2_qlbazHayULg_5,angry
Q2_qlbazHayULg_6,angry
Q2_qlbazHayULg_7,angry
Q2_rEz0D3VohFA_1,angry
Q2_rEz0D3VohFA_2,angry
Q2_sEQf5lcnj_o_0,angry
Q2_sEQf5lcnj_o_1,angry
Q2_sEQf5lcnj_o_2,angry
Q2_sEQf5lcnj_o_3,angry
Q2_snfsc7pEzlk_0,angry
Q2_snfsc7pEzlk_1,angry
Q2_snfsc7pEzlk_2,angry
Q2_ufRISSD28XA_0,angry
Q2_ufRISSD28XA_1,angry
Q2_wfXSdMsd4q8_5,angry
Q2_x5ibvz38jOs_0,angry
Q2_x5ibvz38jOs_1,angry
Q2_yZGBxiNPu3k_0,angry
Q2_yhIncZ_Ue4E_0,angry
Q2_yhIncZ_Ue4E_1,angry
Q2_yhIncZ_Ue4E_2,angry
Q2_yrvKReuwVlY_0,angry
Q2_yrvKReuwVlY_1,angry
Q2_yrvKReuwVlY_2,angry
Q2_yrvKReuwVlY_3,angry
Q2_z5ewpQwGDNw_0,angry
Q2_z5ewpQwGDNw_1,angry
Q2_z5ewpQwGDNw_2,angry
Q3_-vAz_HTFEXs_0,sad
Q3_-vAz_HTFEXs_1,sad
Q3_02t1bj7ZABY_0,sad
Q3_02t1bj7ZABY_1,sad
Q3_02t1bj7ZABY_2,sad
Q3_0EWWyyV7RJA_0,sad
Q3_0c2dTJTDUR4_0,sad
Q3_0lEL_XHyhuU_0,sad
Q3_0lEL_XHyhuU_1,sad
Q3_0lEL_XHyhuU_2,sad
Q3_0lEL_XHyhuU_3,sad
Q3_0vLPYiPN7qY_3,sad
Q3_0wRQRwnQiqY_0,sad
Q3_16OaOpfOPZ0_0,sad
Q3_16OaOpfOPZ0_1,sad
Q3_1Q3MoBFh6eU_0,sad
Q3_1Q3MoBFh6eU_2,sad
Q3_1cgO42sh-ZY_0,sad
Q3_1kny88W533Q_1,sad
Q3_2eIsQtm4YNs_0,sad
Q3_2eIsQtm4YNs_1,sad
Q3_2v6gJi03LlA_0,sad
Q3_2v6gJi03LlA_1,sad
Q3_3ZnxqCZ7qGg_0,sad
Q3_4Er-eFHSHA4_0,sad
Q3_4Er-eFHSHA4_1,sad
Q3_4Er-eFHSHA4_2,sad
Q3_4Er-eFHSHA4_3,sad
Q3_77z6Ep3aOmg_0,sad
Q3_77z6Ep3aOmg_1,sad
Q3_7JIdJLkJ0S4_0,sad
Q3_7JIdJLkJ0S4_1,sad
Q3_7JIdJLkJ0S4_2,sad
Q3_7JIdJLkJ0S4_3,sad
Q3_9Xg69XrVaYU_0,sad
Q3_9Xg69XrVaYU_1,sad
Q3_9Xg69XrVaYU_2,sad
Q3_AacIP9mDLw8_1,sad
Q3_Adil-zpJdEs_0,sad
Q3_BIRDDxz0E4c_0,sad
Q3_By3JCii1k3w_0,sad
Q3_By3JCii1k3w_1,sad
Q3_By3JCii1k3w_2,sad
Q3_BzqX-9TA-GY_0,sad
Q3_D3onzY4MNxE_0,sad
Q3_D3onzY4MNxE_1,sad
Q3_D8Ed5PZXfF4_0,sad
Q3_DYBBfpEx-JI_4,sad
Q3_E5qEloUO3SM_1,sad
Q3_FH28sPhm9Dc_0,sad
Q3_FH28sPhm9Dc_1,sad
Q3_FOcdHIhI0_s_0,sad
Q3_FOcdHIhI0_s_1,sad
Q3_FUAK5TBaNY8_0,sad
Q3_FUAK5TBaNY8_2,sad
Q3_FUAK5TBaNY8_3,sad
Q3_G4rL_OtfFAU_0,sad
Q3_G4rL_OtfFAU_1,sad
Q3_H6_7DjsbROQ_0,sad
Q3_H6_7DjsbROQ_1,sad
Q3_H6_7DjsbROQ_2,sad
Q3_H6_7DjsbROQ_3,sad
Q3_H6_7DjsbROQ_4,sad
Q3_IH2KrGjKXw0_0,sad
Q3_IH2KrGjKXw0_1,sad
Q3_IH2KrGjKXw0_2,sad
Q3_ISCVfmBvYoM_0,sad
Q3_Ie5koh4qvJc_0,sad
Q3_Ie5koh4qvJc_14,sad
Q3_Ie5koh4qvJc_15,sad
Q3_Ie5koh4qvJc_18,sad
Q3_Ie5koh4qvJc_19,sad
Q3_Ie5koh4qvJc_2,sad
Q3_Ie5koh4qvJc_22,sad
Q3_Ie5koh4qvJc_23,sad
Q3_Ie5koh4qvJc_24,sad
Q3_Ie5koh4qvJc_25,sad
Q3_Ie5koh4qvJc_29,sad
Q3_Ie5koh4qvJc_3,sad
Q3_Ie5koh4qvJc_5,sad
Q3_Ie5koh4qvJc_8,sad
Q3_ItGNJM6skM4_0,sad
Q3_JNzqL24ZcZ8_0,sad
Q3_JNzqL24ZcZ8_1,sad
Q3_JNzqL24ZcZ8_2,sad
Q3_JT1XJnVmABo_1,sad
Q3_K84TcgjCRt4_0,sad
Q3_K84TcgjCRt4_1,sad
Q3_K84TcgjCRt4_2,sad
Q3_MbvPxCUMSek_0,sad
Q3_MbvPxCUMSek_1,sad
Q3_MbvPxCUMSek_2,sad
Q3_NTI9ode6bRk_0,sad
Q3_NTI9ode6bRk_1,sad
Q3_OO7zYVeK814_0,sad
Q3_OO7zYVeK814_1,sad
Q3_OO7zYVeK814_2,sad
Q3_Oku8sIpTMAE_0,sad
Q3_Oku8sIpTMAE_1,sad
Q3_Oku8sIpTMAE_2,sad
Q3_Oku8sIpTMAE_3,sad
Q3_Oku8sIpTMAE_4,sad
Q3_P-We4q3goKU_0,sad
Q3_PLfFWFZflQU_0,sad
Q3_PLfFWFZflQU_1,sad
Q3_PXOWy7NiZhk_0,sad
Q3_PXOWy7NiZhk_1,sad
Q3_QJlnTN7HRwE_0,sad
Q3_QJlnTN7HRwE_1,sad
Q3_QJlnTN7HRwE_2,sad
Q3_QJlnTN7HRwE_3,sad
Q3_REq37pDAm3A_0,sad
Q3_REq37pDAm3A_1,sad
Q3_REq37pDAm3A_3,sad
Q3_REq37pDAm3A_4,sad
Q3_RL_cmmNVLfs_0,sad
Q3_RiQMuhk_SuQ_0,sad
Q3_S1T3UF1vhSk_0,sad
Q3_TYkTOwBfFB8_0,sad
Q3_TYkTOwBfFB8_1,sad
Q3_TonQX8XbvX8_0,sad
Q3_TonQX8XbvX8_1,sad
Q3_TonQX8XbvX8_2,sad
Q3_TonQX8XbvX8_3,sad
Q3_UE0y8MHqT-g_0,sad
Q3_UJcnNfeCN1c_0,sad
Q3_UuLTvhERcnk_0,sad
Q3_UuLTvhERcnk_1,sad
Q3_VrWAZLRdQO8_0,sad
Q3_VrWAZLRdQO8_1,sad
Q3_X1p8xcarVu0_0,sad
Q3_X1p8xcarVu0_1,sad
Q3_X1p8xcarVu0_2,sad
Q3_X1p8xcarVu0_3,sad
Q3_ZvD8QSO7NPw_0,sad
Q3_ZvD8QSO7NPw_1,sad
Q3_ZvD8QSO7NPw_2,sad
Q3__S991V8N-8s_0,sad
Q3__vZOEQCYSaY_0,sad
Q3__vZOEQCYSaY_2,sad
Q3_bbU31JLtlug_0,sad
Q3_bbU31JLtlug_1,sad
Q3_bfopzItCYrE_0,sad
Q3_c6CwY8Gbw0c_0,sad
Q3_c6CwY8Gbw0c_1,sad
Q3_c6CwY8Gbw0c_2,sad
Q3_c6CwY8Gbw0c_3,sad
Q3_c6CwY8Gbw0c_4,sad
Q3_cCfEDTkuMvg_0,sad
Q3_dCoUuknChhE_0,sad
Q3_egYSmNuIFGk_1,sad
Q3_egYSmNuIFGk_2,sad
Q3_epMOLn5Axw0_0,sad
Q3_f0NbGeyJYms_0,sad
Q3_fnqb8zqHqdY_0,sad
Q3_fnqb8zqHqdY_1,sad
Q3_fnqb8zqHqdY_2,sad
Q3_fuCxYrru2S4_0,sad
Q3_g-yM0Lsp4lc_0,sad
Q3_g-yM0Lsp4lc_1,sad
Q3_gvWDOIiocuE_0,sad
Q3_gvWDOIiocuE_2,sad
Q3_iRu9KQvbtVw_0,sad
Q3_ii1Jw1-7Ka4_0,sad
Q3_ii1Jw1-7Ka4_1,sad
Q3_ii1Jw1-7Ka4_2,sad
Q3_ijfxkQPAQdE_0,sad
Q3_ilCcZpD39HU_0,sad
Q3_ilCcZpD39HU_1,sad
Q3_ilCcZpD39HU_2,sad
Q3_ilCcZpD39HU_3,sad
Q3_ilCcZpD39HU_4,sad
Q3_iwxwLEvqeD8_0,sad
Q3_jTPXwbDtIpA_0,sad
Q3_kDGmND1BgmA_0,sad
Q3_kDGmND1BgmA_1,sad
Q3_kopwU6zpS4k_0,sad
Q3_ldCQ6N9G6Mk_2,sad
Q3_ldCQ6N9G6Mk_3,sad
Q3_ldCQ6N9G6Mk_4,sad
Q3_ltxNPJda7zE_2,sad
Q3_nBIls0laAAU_0,sad
Q3_nBIls0laAAU_1,sad
Q3_nBIls0laAAU_2,sad
Q3_nBao46YGZDg_0,sad
Q3_nFunbdBrukY_0,sad
Q3_p2qihp_PnLY_0,sad
Q3_p2qihp_PnLY_1,sad
Q3_pbVGv_g4n50_0,sad
Q3_qRceKZtwRWA_1,sad
Q3_qlbazHayULg_13,sad
Q3_qlbazHayULg_3,sad
Q3_qlbazHayULg_9,sad
Q3_rEz0D3VohFA_0,sad
Q3_rrD7XMtPs0Q_0,sad
Q3_tLmXAWfbGqs_0,sad
Q3_tfuul78deOs_0,sad
Q3_tfuul78deOs_1,sad
Q3_tw_lArYiHTo_0,sad
Q3_uj3Gif77SYM_0,sad
Q3_uj3Gif77SYM_1,sad
Q3_uj3Gif77SYM_2,sad
Q3_uj3Gif77SYM_3,sad
Q3_uj3Gif77SYM_4,sad
Q3_uj3Gif77SYM_5,sad
Q3_uj3Gif77SYM_6,sad
Q3_uj3Gif77SYM_7,sad
Q3_uj3Gif77SYM_8,sad
Q3_v2an-9szi8M_0,sad
Q3_vVTP0DOL_2Q_0,sad
Q3_vVTP0DOL_2Q_1,sad
Q3_vVTP0DOL_2Q_2,sad
Q3_vVTP0DOL_2Q_3,sad
Q3_veG92Oi-DlU_0,sad
Q3_veG92Oi-DlU_1,sad
Q3_veG92Oi-DlU_2,sad
Q3_wS0RzrBL9UI_0,sad
Q3_wS0RzrBL9UI_1,sad
Q3_wS0RzrBL9UI_2,sad
Q3_wfXSdMsd4q8_0,sad
Q3_wfXSdMsd4q8_1,sad
Q3_wfXSdMsd4q8_2,sad
Q3_wfXSdMsd4q8_3,sad
Q3_wfXSdMsd4q8_4,sad
Q3_wlOa1jkTn_U_0,sad
Q3_wlOa1jkTn_U_1,sad
Q3_wlOa1jkTn_U_2,sad
Q3_wqc8iqbDsGM_0,sad
Q3_wqc8iqbDsGM_1,sad
Q3_wqc8iqbDsGM_2,sad
Q3_wqc8iqbDsGM_3,sad
Q3_wqc8iqbDsGM_4,sad
Q3_wxXpvnmq_-E_0,sad
Q3_wxXpvnmq_-E_1,sad
Q3_wxXpvnmq_-E_2,sad
Q3_x4B0raxVODA_0,sad
Q3_x4B0raxVODA_1,sad
Q3_x4B0raxVODA_2,sad
Q3_x4B0raxVODA_3,sad
Q3_xIsvaT20pZ0_0,sad
Q3_xIsvaT20pZ0_1,sad
Q3_xYZ8n8ULaNo_0,sad
Q3_xYZ8n8ULaNo_1,sad
Q3_yZGBxiNPu3k_1,sad
Q3_yZGBxiNPu3k_2,sad
Q3_zMa78n8ULtE_0,sad
Q3_zMa78n8ULtE_1,sad
Q3_zjr_-ql5Avk_0,sad
Q3_zjr_-ql5Avk_1,sad
Q3_zjr_-ql5Avk_2,sad
Q3_zvWX_dwQPtU_0,sad
Q3_zvWX_dwQPtU_1,sad
Q3_zvWX_dwQPtU_2,sad
Q4_--2B4d4lQhs_3,calm
Q4_-_FjI4bT2Wo_0,calm
Q4_-_FjI4bT2Wo_1,calm
Q4_-_FjI4bT2Wo_2,calm
Q4_0c2dTJTDUR4_1,calm
Q4_12tDlCQVRtA_0,calm
Q4_12tDlCQVRtA_1,calm
Q4_12tDlCQVRtA_2,calm
Q4_170KC2CbJ7Y_0,calm
Q4_170KC2CbJ7Y_1,calm
Q4_1A9Hh2GrDTs_0,calm
Q4_1Qc15G0ZHIg_0,calm
Q4_1fdxsFbnsX4_0,calm
Q4_1fdxsFbnsX4_1,calm
Q4_1vjy9oMFa8c_0,calm
Q4_1vjy9oMFa8c_1,calm
Q4_1vjy9oMFa8c_3,calm
Q4_22S3w4idugs_0,calm
Q4_2Z9SjI131jA_5,calm
Q4_2Z9SjI131jA_6,calm
Q4_2w5XkAt_3WU_0,calm
Q4_3As1t6JySDE_0,calm
Q4_3N2G21U7guk_0,calm
Q4_3N2G21U7guk_1,calm
Q4_3N2G21U7guk_2,calm
Q4_3N2G21U7guk_4,calm
Q4_3TYeU9idRGI_0,calm
Q4_3TYeU9idRGI_1,calm
Q4_5DqIntcmdRI_0,calm
Q4_5DqIntcmdRI_1,calm
Q4_5J_zI7QE9W8_0,calm
Q4_5J_zI7QE9W8_1,calm
Q4_5J_zI7QE9W8_2,calm
Q4_5Ju9q1N2x0E_0,calm
Q4_5Ju9q1N2x0E_1,calm
Q4_61EA0xRX8gE_2,calm
Q4_6kRPHamGDSo_2,calm
Q4_6oLmO9ZSJt0_0,calm
Q4_6oLmO9ZSJt0_1,calm
Q4_7gifuoofgpk_0,calm
Q4_7gifuoofgpk_1,calm
Q4_7yW9c7t8Hq0_0,calm
Q4_8TYY0qG-KOw_0,calm
Q4_9eMxCs-LXCE_0,calm
Q4_9eMxCs-LXCE_1,calm
Q4_9eMxCs-LXCE_2,calm
Q4_9v2WSpn4FCw_9,calm
Q4_ADJ_PDauy-g_0,calm
Q4_ADJ_PDauy-g_1,calm
Q4_ADJ_PDauy-g_2,calm
Q4_AjN_5CdVUdw_0,calm
Q4_B3aRl8iTEKw_0,calm
Q4_B3aRl8iTEKw_1,calm
Q4_BIRDDxz0E4c_1,calm
Q4_BaHHHgDd0BU_0,calm
Q4_BaHHHgDd0BU_1,calm
Q4_Cir1kZyB7QM_0,calm
Q4_Cir1kZyB7QM_1,calm
Q4_CkjAksZstEA_0,calm
Q4_CkjAksZstEA_1,calm
Q4_DX1IK3z1w10_0,calm
Q4_DvIH5yUrboc_0,calm
Q4_DvIH5yUrboc_1,calm
Q4_DvIH5yUrboc_2,calm
Q4_Dw7M69CidJ8_0,calm
Q4_Dw7M69CidJ8_1,calm
Q4_Dw7M69CidJ8_2,calm
Q4_Dw7M69CidJ8_3,calm
Q4_E5qEloUO3SM_0,calm
Q4_E6MARl3zjnQ_0,calm
Q4_FSzOgraSKhs_0,calm
Q4_FSzOgraSKhs_1,calm
Q4_FoTXpYZXxJs_0,calm
Q4_FoTXpYZXxJs_1,calm
Q4_FyK_c-TIcCA_0,calm
Q4_FyK_c-TIcCA_1,calm
Q4_FyK_c-TIcCA_2,calm
Q4_GAvPwG2wYZM_0,calm
Q4_GAvPwG2wYZM_1,calm
Q4_GbUV3TXUzeQ_0,calm
Q4_Gcbk0GPT3-g_0,calm
Q4_Gcbk0GPT3-g_1,calm
Q4_HQ8ISDX6PiI_0,calm
Q4_HQ8ISDX6PiI_1,calm
Q4_HYVmgq5Y93g_0,calm
Q4_HYVmgq5Y93g_1,calm
Q4_HYVmgq5Y93g_2,calm
Q4_Hwd6l9jK7bo_0,calm
Q4_Hwd6l9jK7bo_1,calm
Q4_I2MrA-o5H8I_0,calm
Q4_I2MrA-o5H8I_1,calm
Q4_I2MrA-o5H8I_2,calm
Q4_Ie5koh4qvJc_1,calm
Q4_Ie5koh4qvJc_16,calm
Q4_Ie5koh4qvJc_17,calm
Q4_Ie5koh4qvJc_20,calm
Q4_Ie5koh4qvJc_21,calm
Q4_Ie5koh4qvJc_27,calm
Q4_Ie5koh4qvJc_28,calm
Q4_Ie5koh4qvJc_31,calm
Q4_Ie5koh4qvJc_32,calm
Q4_Ie5koh4qvJc_4,calm
Q4_IgpNyJVWcBo_0,calm
Q4_J6X3rVU1H-c_0,calm
Q4_JP3QKZlyQz4_0,calm
Q4_JP3QKZlyQz4_1,calm
Q4_JP3QKZlyQz4_2,calm
Q4_JT1XJnVmABo_0,calm
Q4_JT1XJnVmABo_1,calm
Q4_JT1XJnVmABo_2,calm
Q4_JxSU49jFKwM_0,calm
Q4_JxSU49jFKwM_1,calm
Q4_KRlAez34QfE_0,calm
Q4_KRlAez34QfE_1,calm
Q4_KRlAez34QfE_2,calm
Q4_KxlqB3j0zys_2,calm
Q4_KxlqB3j0zys_3,calm
Q4_KxlqB3j0zys_4,calm
Q4_MT2_mXn-vGU_0,calm
Q4_MT2_mXn-vGU_1,calm
Q4_MT2_mXn-vGU_2,calm
Q4_NP0lwB-_-og_0,calm
Q4_NzJjMGJg1wE_0,calm
Q4_OUb9uaOlWAM_0,calm
Q4_OgkB7PfqWzA_0,calm
Q4_OgkB7PfqWzA_1,calm
Q4_OoxI6k0Qsno_0,calm
Q4_OoxI6k0Qsno_1,calm
Q4_OyaY4213c2A_0,calm
Q4_OyaY4213c2A_1,calm
Q4_PK8YIUaV3Xw_0,calm
Q4_PK8YIUaV3Xw_1,calm
Q4_PZN7XLKzLDI_1,calm
Q4_Q49PWE0RJLY_0,calm
Q4_Q49PWE0RJLY_1,calm
Q4_QBJ6YYYpIyk_0,calm
Q4_T92R7xjce34_0,calm
Q4_TOXg4-ZGb-g_0,calm
Q4_TOXg4-ZGb-g_1,calm
Q4_TOXg4-ZGb-g_2,calm
Q4_Tc684nD8CEA_0,calm
Q4_Tc684nD8CEA_1,calm
Q4_Tc684nD8CEA_2,calm
Q4_Tc684nD8CEA_3,calm
Q4_Tc684nD8CEA_4,calm
Q4_TcFVq0leii4_0,calm
Q4_Tjno89OVuRI_0,calm
Q4_Tjno89OVuRI_1,calm
Q4_UaYYMRkHMYc_0,calm
Q4_UaYYMRkHMYc_1,calm
Q4_UaYYMRkHMYc_2,calm
Q4_UbKAl4roB8k_0,calm
Q4_UbKAl4roB8k_1,calm
Q4_UbKAl4roB8k_2,calm
Q4_UpHutdJvZMI_0,calm
Q4_UpHutdJvZMI_1,calm
Q4_UpHutdJvZMI_2,calm
Q4_Ury1cdB79s0_0,calm
Q4_Ury1cdB79s0_1,calm
Q4_V3Y9L4UOcpk_0,calm
Q4_V3Y9L4UOcpk_1,calm
Q4_VCSDjQxAJzc_0,calm
Q4_VCSDjQxAJzc_1,calm
Q4_VCSDjQxAJzc_2,calm
Q4_VXh4IaR5C6s_0,calm
Q4_V_jbWvQNh5c_0,calm
Q4_V_jbWvQNh5c_1,calm
Q4_XC_SiJszQx0_0,calm
Q4_XC_SiJszQx0_2,calm
Q4_XPLYvpyfKUM_0,calm
Q4_XPLYvpyfKUM_1,calm
Q4_XWk5XUEBXmg_0,calm
Q4_XWk5XUEBXmg_1,calm
Q4_Xf2fox7zhCQ_0,calm
Q4_Xf2fox7zhCQ_1,calm
Q4_Xf2fox7zhCQ_2,calm
Q4_Xlv4PPGrRRs_0,calm
Q4_Xlv4PPGrRRs_1,calm
Q4_Y1F0c3zgMJo_0,calm
Q4_Y1F0c3zgMJo_1,calm
Q4_YAAxPW1GB7w_0,calm
Q4_YAAxPW1GB7w_1,calm
Q4_YhXRyOl5pi0_0,calm
Q4__BK2o77sTc0_2,calm
Q4_a5QCcwEjxAk_0,calm
Q4_a5QCcwEjxAk_1,calm
Q4_aQ4PIaRMLwE_0,calm
Q4_aQ4PIaRMLwE_1,calm
Q4_aQ4PIaRMLwE_2,calm
Q4_bfopzItCYrE_2,calm
Q4_biROWEwkDQQ_0,calm
Q4_biROWEwkDQQ_1,calm
Q4_biROWEwkDQQ_2,calm
Q4_cXxGBDgFCs8_0,calm
Q4_cXxGBDgFCs8_1,calm
Q4_cXxGBDgFCs8_2,calm
Q4_d_49EtXDMFE_0,calm
Q4_d_49EtXDMFE_1,calm
Q4_d_49EtXDMFE_2,calm
Q4_e838BE_MH6s_0,calm
Q4_egYSmNuIFGk_0,calm
Q4_f2b4kpdw7_c_0,calm
Q4_f2b4kpdw7_c_1,calm
Q4_fOYX0uH8mSQ_0,calm
Q4_fShAWhXIits_0,calm
Q4_fShAWhXIits_1,calm
Q4_g15aRCHUJEI_0,calm
Q4_g15aRCHUJEI_1,calm
Q4_g15aRCHUJEI_2,calm
Q4_gwmVjvR-sVs_2,calm
Q4_gxsdWKc1QaM_0,calm
Q4_heBmBQDWj-M_0,calm
Q4_heBmBQDWj-M_1,calm
Q4_heBmBQDWj-M_2,calm
Q4_hoPp_GLXQis_0,calm
Q4_hoPp_GLXQis_1,calm
Q4_iGHgeUCPotc_0,calm
Q4_iHPKusssXzk_0,calm
Q4_iHPKusssXzk_1,calm
Q4_iHPKusssXzk_2,calm
Q4_iXiSFSGws-c_0,calm
Q4_iXiSFSGws-c_1,calm
Q4_iXiSFSGws-c_2,calm
Q4_j8Ir-ssM-AA_0,calm
Q4_j8Ir-ssM-AA_1,calm
Q4_jCLgDtk695I_0,calm
Q4_jCLgDtk695I_1,calm
Q4_jCLgDtk695I_2,calm
Q4_jCLgDtk695I_3,calm
Q4_jCLgDtk695I_4,calm
Q4_jNzZCplNNyY_0,calm
Q4_jNzZCplNNyY_1,calm
Q4_jO2zX6Ul8GM_2,calm
Q4_jSWItJI-Gmk_0,calm
Q4_jSWItJI-Gmk_1,calm
Q4_k-FNDbK6Qhg_1,calm
Q4_k6aLLVX1D7Y_0,calm
Q4_k6aLLVX1D7Y_1,calm
Q4_k6aLLVX1D7Y_2,calm
Q4_kMHiU0fhWVw_0,calm
Q4_kMHiU0fhWVw_1,calm
Q4_kMHiU0fhWVw_2,calm
Q4_kMHiU0fhWVw_3,calm
Q4_kfYaGryaGzI_0,calm
Q4_kfYaGryaGzI_1,calm
Q4_lQCrA2TE-fo_0,calm
Q4_lQCrA2TE-fo_1,calm
Q4_lTxVVdhFE6Q_0,calm
Q4_lTxVVdhFE6Q_1,calm
Q4_ldCQ6N9G6Mk_0,calm
Q4_ldCQ6N9G6Mk_1,calm
Q4_ldCQ6N9G6Mk_5,calm
Q4_ltNK_MY1HkM_0,calm
Q4_ltNK_MY1HkM_1,calm
Q4_ltNK_MY1HkM_2,calm
Q4_ltxNPJda7zE_0,calm
Q4_ltxNPJda7zE_1,calm
Q4_ltxNPJda7zE_3,calm
Q4_ltxNPJda7zE_4,calm
Q4_lvfNo4KOTmM_0,calm
Q4_lvfNo4KOTmM_1,calm
Q4_mGYKWCVnMwQ_0,calm
Q4_mGYKWCVnMwQ_1,calm
Q4_nGkpcWNAxDU_0,calm
Q4_nGkpcWNAxDU_1,calm
Q4_nGkpcWNAxDU_2,calm
Q4_oTi57hZfArE_0,calm
Q4_oTi57hZfArE_1,calm
Q4_oTi57hZfArE_2,calm
Q4_pRuwHN-lI44_0,calm
Q4_pRuwHN-lI44_1,calm
Q4_pRuwHN-lI44_2,calm
Q4_pRuwHN-lI44_3,calm
Q4_pkz8OkWhwnk_0,calm
Q4_pkz8OkWhwnk_1,calm
Q4_prUUays30Mg_0,calm
Q4_prUUays30Mg_1,calm
Q4_pzeHffxmdcE_0,calm
Q4_q4T8Znozvkk_0,calm
Q4_qRceKZtwRWA_0,calm
Q4_rDhbGjFlKF8_0,calm
Q4_rDhbGjFlKF8_1,calm
Q4_rW1I58_lMEg_0,calm
Q4_rW1I58_lMEg_1,calm
Q4_rW1I58_lMEg_2,calm
Q4_rW1I58_lMEg_3,calm
Q4_r_sD61KeUQU_0,calm
Q4_sA9ac1rod84_0,calm
Q4_sA9ac1rod84_1,calm
Q4_uUtnyA6tLnI_0,calm
Q4_u_7b9CwyM8Q_0,calm
Q4_u_7b9CwyM8Q_1,calm
Q4_v3Nl5rUxLqE_0,calm
Q4_v3Nl5rUxLqE_1,calm
Q4_vBHoSz8cJIE_0,calm
Q4_vBHoSz8cJIE_1,calm
Q4_vBHoSz8cJIE_2,calm
Q4_vBHoSz8cJIE_3,calm
Q4_vBHoSz8cJIE_4,calm
Q4_vJ77eDxHezE_0,calm
Q4_vJ77eDxHezE_1,calm
Q4_vpTguZtJAFA_0,calm
Q4_vpTguZtJAFA_1,calm
Q4_vpTguZtJAFA_2,calm
Q4_wzSr6qR3Ra0_0,calm
Q4_xgtwQGeB6_0_0,calm
Q4_xrhWli_R98g_0,calm
Q4_xrhWli_R98g_2,calm
Q4_yC0fAQxGgr0_0,calm
Q4_yC0fAQxGgr0_1,calm
labelled/phrases/Banjo-Kazooie_N64_Banjo-Kazooie_Boggys Igloo Happy_0.mid,happy
labelled/phrases/Banjo-Kazooie_N64_Banjo-Kazooie_Boggys Igloo Sad_0.mid,calm
labelled/phrases/Banjo-Kazooie_N64_Banjo-Kazooie_Bubblegloop Swamp_0.mid,happy
labelled/phrases/Banjo-Kazooie_N64_Banjo-Kazooie_Click Clock Wood_0.mid,happy
labelled/phrases/Banjo-Kazooie_N64_Banjo-Kazooie_Ending_0.mid,calm
labelled/phrases/Banjo-Kazooie_N64_Banjo-Kazooie_Freezeezy Peak_0.mid,happy
labelled/phrases/Banjo-Kazooie_N64_Banjo-Kazooie_Gobis Valley_0.mid,happy
labelled/phrases/Banjo-Kazooie_N64_Banjo-Kazooie_Mad Monster Mansion_0.mid,angry
labelled/phrases/Banjo-Kazooie_N64_Banjo-Kazooie_Motzhand_0.mid,happy
labelled/phrases/Banjo-Kazooie_N64_Banjo-Kazooie_Mumbos Mountain_0.mid,happy
labelled/phrases/Banjo-Kazooie_N64_Banjo-Kazooie_Rusty Bucket Bay Aquatic_0.mid,happy
labelled/phrases/Banjo-Kazooie_N64_Banjo-Tooie_Cauldron Keep_0.mid,angry
labelled/phrases/Banjo-Kazooie_N64_Banjo-Tooie_Chilly Willy Chilli Billi_0.mid,angry
labelled/phrases/Banjo-Kazooie_N64_Banjo-Tooie_End Credits_0.mid,happy
labelled/phrases/Banjo-Kazooie_N64_Banjo-Tooie_Here Comes Trouble_0.mid,angry
labelled/phrases/Banjo-Kazooie_N64_Banjo-Tooie_Isle O Hags Cauldron Keep_0.mid,sad
labelled/phrases/Banjo-Kazooie_N64_Banjo-Tooie_Isle O Hags_0.mid,happy
labelled/phrases/Banjo-Kazooie_N64_Banjo-Tooie_Spiral Mountain_0.mid,sad
labelled/phrases/Banjo-Kazooie_N64_Banjo-Tooie_Terry_0.mid,angry
labelled/phrases/Banjo-Kazooie_N64_Banjo-Tooie_Witchy World_0.mid,sad
labelled/phrases/Battle of Olympus_NES_Battle of Olympus_3 Magic Hearts_0.mid,happy
labelled/phrases/Battle of Olympus_NES_Battle of Olympus_A Brave Warrior_0.mid,happy
labelled/phrases/Battle of Olympus_NES_Battle of Olympus_A Prayer to Zeus_0.mid,happy
labelled/phrases/Battle of Olympus_NES_Battle of Olympus_Athene Sonata_0.mid,happy
labelled/phrases/Battle of Olympus_NES_Battle of Olympus_Olympus No Tatakai_0.mid,sad
labelled/phrases/Battle of Olympus_NES_Battle of Olympus_Olympus No Tatakai_1.mid,calm
labelled/phrases/Battle of Olympus_NES_Battle of Olympus_Orpheus Journey Arranged_0.mid,calm
labelled/phrases/Battle of Olympus_NES_Battle of Olympus_The Story of a Lost Love_0.mid,calm
labelled/phrases/Chrono_SNES_Chrono Trigger_600 AD_0.mid,calm
labelled/phrases/Chrono_SNES_Chrono Trigger_Chrono Trigger_0.mid,happy
labelled/phrases/Chrono_SNES_Chrono Trigger_Corridors of Time_0.mid,calm
labelled/phrases/Chrono_SNES_Chrono Trigger_Maguss Theme_0.mid,happy
labelled/phrases/Chrono_SNES_Chrono Trigger_Millenial Fair_0.mid,happy
labelled/phrases/Chrono_SNES_Chrono Trigger_Ocean Palace_0.mid,angry
labelled/phrases/Chrono_SNES_Chrono Trigger_Secret of the Forest_0.mid,calm
labelled/phrases/Chrono_SNES_Chrono Trigger_Silent Light_0.mid,happy
labelled/phrases/Chrono_SNES_Chrono Trigger_Wings That Cross Time_0.mid,calm
labelled/phrases/Donkey Kong_SNES_Donkey Kong Country 2 Diddy's Kong Quest_Bayou Boogie_0.mid,sad
labelled/phrases/Donkey Kong_SNES_Donkey Kong Country 2 Diddy's Kong Quest_Hot Head Bop_0.mid,angry
labelled/phrases/Donkey Kong_SNES_Donkey Kong Country 2 Diddy's Kong Quest_Jib Jig_0.mid,happy
labelled/phrases/Donkey Kong_SNES_Donkey Kong Country 2 Diddy's Kong Quest_Snakey Chantey_0.mid,happy
labelled/phrases/Dragon Quest_NES_Dragon Quest_Battle Theme_0.mid,angry
labelled/phrases/Dragon Quest_NES_Dragon Quest_Castle Theme_0.mid,calm
labelled/phrases/Dragon Quest_NES_Dragon Quest_Cave Theme_0.mid,happy
labelled/phrases/Dragon Quest_NES_Dragon Quest_Final Battle_0.mid,happy
labelled/phrases/Dragon Quest_NES_Dragon Quest_Overworld Theme_0.mid,calm
labelled/phrases/Dragon Quest_NES_Dragon Quest_Title Screen_0.mid,happy
labelled/phrases/Dragon Quest_NES_Dragon Quest_Town Theme_0.mid,happy
labelled/phrases/Final Fantasy_PS1_Final Fantasy VII_A High Wind Takes to the Skies_0.mid,happy
labelled/phrases/Final Fantasy_PS1_Final Fantasy VII_Aeriths Theme_0.mid,calm
labelled/phrases/Final Fantasy_PS1_Final Fantasy VII_Ahead On Our Way Remix_0.mid,happy
labelled/phrases/Final Fantasy_PS1_Final Fantasy VII_Anxious Heart_0.mid,sad
labelled/phrases/Final Fantasy_PS1_Final Fantasy VII_Battle Theme_0.mid,happy
labelled/phrases/Final Fantasy_PS1_Final Fantasy VII_Cait Siths Theme_0.mid,happy
labelled/phrases/Final Fantasy_PS1_Final Fantasy VII_Chasing The Black Caped Man_0.mid,sad
labelled/phrases/Final Fantasy_PS1_Final Fantasy VII_Cinco de Chocobo_0.mid,happy
labelled/phrases/Final Fantasy_PS1_Final Fantasy VII_Continue_0.mid,calm
labelled/phrases/Final Fantasy_PS1_Final Fantasy VII_Cosmo Canyon_0.mid,happy
labelled/phrases/Final Fantasy_PS1_Final Fantasy VII_Costa Del Sol_0.mid,calm
labelled/phrases/Final Fantasy_PS1_Final Fantasy VII_Electric de Chocobo_0.mid,happy
labelled/phrases/Final Fantasy_PS1_Final Fantasy VII_Fortress of the Condor_0.mid,angry
labelled/phrases/Final Fantasy_PS1_Final Fantasy VII_Gold Saucer_0.mid,happy
labelled/phrases/Final Fantasy_PS1_Final Fantasy VII_Great Warrior_0.mid,calm
labelled/phrases/Final Fantasy_PS1_Final Fantasy VII_Holding My Thoughts in My Heart_0.mid,calm
labelled/phrases/Final Fantasy_PS1_Final Fantasy VII_Its Difficult To Stand On Both Feet Isnt It_0.mid,angry
labelled/phrases/Final Fantasy_PS1_Final Fantasy VII_JENOVA_0.mid,angry
labelled/phrases/Final Fantasy_PS1_Final Fantasy VII_Jenova Absolute_0.mid,happy
labelled/phrases/Final Fantasy_PS1_Final Fantasy VII_Judgement Day_0.mid,sad
labelled/phrases/Final Fantasy_PS1_Final Fantasy VII_Life Stream_0.mid,sad
labelled/phrases/Final Fantasy_PS1_Final Fantasy VII_Lurking In The Darkness_0.mid,sad
labelled/phrases/Final Fantasy_PS1_Final Fantasy VII_Main Theme_0.mid,calm
labelled/phrases/Final Fantasy_PS1_Final Fantasy VII_Mark of the Traitor_0.mid,sad
labelled/phrases/Final Fantasy_PS1_Final Fantasy VII_Mining Town_0.mid,calm
labelled/phrases/Final Fantasy_PS1_Final Fantasy VII_On That Day 5 Years Ago_0.mid,sad
labelled/phrases/Final Fantasy_PS1_Final Fantasy VII_One Winged Angel Reborn Arrangement_0.mid,angry
labelled/phrases/Final Fantasy_PS1_Final Fantasy VII_One Winged Angel_0.mid,angry
labelled/phrases/Final Fantasy_PS1_Final Fantasy VII_Oppressed People_0.mid,angry
labelled/phrases/Final Fantasy_PS1_Final Fantasy VII_Overworld_0.mid,calm
labelled/phrases/Final Fantasy_PS1_Final Fantasy VII_Rufuss Welcoming Ceremony_0.mid,happy
labelled/phrases/Final Fantasy_PS1_Final Fantasy VII_Sandy Badlands_0.mid,calm
labelled/phrases/Final Fantasy_PS1_Final Fantasy VII_The Nightmare Begins_0.mid,angry
labelled/phrases/Final Fantasy_PS1_Final Fantasy VII_Those Chosen By the Planet_0.mid,angry
labelled/phrases/Final Fantasy_PS1_Final Fantasy VII_Tifa_0.mid,calm
labelled/phrases/Final Fantasy_PS1_Final Fantasy VII_Trail of Blood_0.mid,sad
labelled/phrases/Final Fantasy_PS1_Final Fantasy VII_Vincents Theme_0.mid,angry
labelled/phrases/Final Fantasy_PS1_Final Fantasy VII_Waltz de Chocobo_0.mid,happy
labelled/phrases/Final Fantasy_PS1_Final Fantasy VII_Weapon Raid_0.mid,angry
labelled/phrases/Final Fantasy_PS1_Final Fantasy VII_Who Are You_0.mid,sad
labelled/phrases/Indiana Jones_PC_Indiana Jones and the Fate of Atlantis_Crossing_0.mid,happy
labelled/phrases/Indiana Jones_PC_Indiana Jones and the Last Crusade_The Holy Grail_0.mid,sad
labelled/phrases/Indiana Jones_PC_Indiana Jones and the Last Crusade_Venice_0.mid,happy
labelled/phrases/Indiana Jones_PC_Indiana Jones and the Last Crusade_Zeppelin_0.mid,happy
labelled/phrases/Mana_SNES_Secret of Mana_A Wish_0.mid,calm
labelled/phrases/Mana_SNES_Secret of Mana_Close Your Eye lids_0.mid,calm
labelled/phrases/Mana_SNES_Secret of Mana_Danger_0.mid,happy
labelled/phrases/Mana_SNES_Secret of Mana_Kind Memories_0.mid,calm
labelled/phrases/Mana_SNES_Secret of Mana_Meridian Dance_0.mid,happy
labelled/phrases/Mana_SNES_Secret of Mana_Rose and Ghost_0.mid,calm
labelled/phrases/Mana_SNES_Secret of Mana_Spirit of the Night_0.mid,calm
labelled/phrases/Mana_SNES_Secret of Mana_Tell A Strange Tale_0.mid,happy
labelled/phrases/Mana_SNES_Secret of Mana_The Holy Intruder_0.mid,happy
labelled/phrases/Other_N64_GoldenEye 007_Caverns_0.mid,sad
labelled/phrases/Other_N64_GoldenEye 007_Caverns_1.mid,angry
labelled/phrases/Other_N64_GoldenEye 007_Dam_0.mid,angry
labelled/phrases/Other_N64_GoldenEye 007_Facility X_0.mid,angry
labelled/phrases/Other_N64_GoldenEye 007_Frigate_0.mid,happy
labelled/phrases/Other_N64_GoldenEye 007_Runway X_0.mid,sad
labelled/phrases/Other_N64_GoldenEye 007_Runway_0.mid,angry
labelled/phrases/Other_N64_GoldenEye 007_Statue_0.mid,sad
labelled/phrases/Other_NES_Ghosts 'n Goblins_Main Theme_0.mid,happy
labelled/phrases/Other_NES_Tetris_Enter Your Name_0.mid,happy
labelled/phrases/Other_NES_Tetris_Music A_0.mid,happy
labelled/phrases/Other_PC_Age of Empires II The Age of Kings_Menu_0.mid,angry
labelled/phrases/Other_PC_Age of Empires_Title Theme_0.mid,angry
labelled/phrases/Other_PC_Aion Tower of Eternity_Death Waltz_0.mid,sad
labelled/phrases/Other_PC_Aion Tower of Eternity_Fairy of the Peace_0.mid,calm
labelled/phrases/Other_PC_Aion Tower of Eternity_Fairy of the Peace_1.mid,happy
labelled/phrases/Other_PC_Aion Tower of Eternity_Fairy of the Peace_2.mid,calm
labelled/phrases/Other_PC_Aion Tower of Eternity_Forgotten Sorrow_0.mid,calm
labelled/phrases/Other_PC_Aion Tower of Eternity_Main Theme_0.mid,happy
labelled/phrases/Other_PC_Aion Tower of Eternity_Song of Moonlight_0.mid,calm
labelled/phrases/Other_PC_Aion Tower of Eternity_The Still Sad World_0.mid,calm
labelled/phrases/Other_PC_Aion Tower of Eternity_Wings of the Knight_0.mid,calm
labelled/phrases/Other_PC_The Sims_Bittersweet_0.mid,calm
labelled/phrases/Other_PC_The Sims_Buying Theme_0.mid,happy
labelled/phrases/Other_PC_The Sims_New Beginnings_0.mid,calm
labelled/phrases/Other_PC_The Sims_Since We Met_0.mid,happy
labelled/phrases/Other_PC_The Sims_The Neighbourhood_0.mid,calm
labelled/phrases/Other_PC_The Sims_The Simple Life_0.mid,calm
labelled/phrases/Other_PC_The Sims_Theme 4_0.mid,calm
labelled/phrases/Other_PC_The Sims_Theme 5_0.mid,calm
labelled/phrases/Other_PC_Warcraft III Reign of Chaos_Blackrock and Roll_0.mid,angry
labelled/phrases/Other_PC_Warcraft II_Human Theme 1_0.mid,angry
labelled/phrases/Other_PC_Warcraft II_Orc Theme 1_0.mid,angry
labelled/phrases/Other_PC_World of Warcraft Warlords of Draenor_Song of Elune_0.mid,calm
labelled/phrases/Other_PC_World of Warcraft Warlords of Draenor_Stormwind_0.mid,angry
labelled/phrases/Other_PC_World of Warcraft Wrath of the Lich King_Arthas my Son_0.mid,sad
labelled/phrases/Other_PS2_Shadow of the Colossus_Memories_0.mid,calm
labelled/phrases/Other_PS2_Shadow of the Colossus_Prayer_0.mid,sad
labelled/phrases/Other_PS2_Shadow of the Colossus_The Farthest Land_0.mid,sad
labelled/phrases/Other_PS2_Shadow of the Colossus_The Opened Way_0.mid,angry
labelled/phrases/Other_PS2_Shadow of the Colossus_The Tale of the 16 Sacrifices_0.mid,calm
labelled/phrases/Star Fox_GCN_Star Fox Adventures_Dark Ice Mines_0.mid,sad
labelled/phrases/Star Fox_SNES_Star Fox_Corneria_0.mid,happy
labelled/phrases/Star Fox_SNES_Star Fox_Map_0.mid,happy
labelled/phrases/Star Fox_SNES_Star Fox_SpaceArmada_0.mid,calm
labelled/phrases/Star Fox_SNES_Star Fox_Stage_Clear_0.mid,happy
labelled/phrases/Star Fox_SNES_Star Fox_Venom_0.mid,happy
labelled/phrases/Super Mario_N64_Super Mario 64_Cool Cool Mountain_0.mid,happy
labelled/phrases/Super Mario_N64_Super Mario 64_Dire Dire Docks_0.mid,calm
labelled/phrases/Super Mario_N64_Super Mario 64_Final Bowser_0.mid,angry
labelled/phrases/Super Mario_N64_Super Mario 64_Haunted Merry Go Round_0.mid,happy
labelled/phrases/Super Mario_N64_Super Mario 64_Koopas Theme_0.mid,angry
labelled/phrases/Super Mario_N64_Super Mario 64_Princess Secret Slide_0.mid,happy
labelled/phrases/Super Mario_N64_Super Mario 64_Select a File_0.mid,happy
labelled/phrases/Super Mario_NES_Super Mario Bros_Main Theme_0.mid,happy
labelled/phrases/Super Mario_NES_Super Mario Bros_Underwater_0.mid,calm
labelled/phrases/Super Mario_NES_Super Mario Bros_Underworld_0.mid,angry
labelled/phrases/Super Mario_SNES_Super Mario World_Castle_0.mid,angry
labelled/phrases/Super Mario_SNES_Super Mario World_Ending Theme_0.mid,calm
labelled/phrases/Super Mario_SNES_Super Mario World_Forest of Illusion_0.mid,happy
labelled/phrases/Super Mario_SNES_Super Mario World_Overworld 2_0.mid,happy
labelled/phrases/Super Mario_SNES_Super Mario World_Overworld_0.mid,happy
labelled/phrases/Super Mario_SNES_Super Mario World_Title Screen_0.mid,happy
labelled/phrases/The Legend of Zelda_N64_The Legend of Zelda Majora's Mask_Alien Invasion_0.mid,angry
labelled/phrases/The Legend of Zelda_N64_The Legend of Zelda Majora's Mask_Chase Theme_0.mid,angry
labelled/phrases/The Legend of Zelda_N64_The Legend of Zelda Majora's Mask_Clock Town_0.mid,happy
labelled/phrases/The Legend of Zelda_N64_The Legend of Zelda Majora's Mask_Cremias Wagon Ride_0.mid,calm
labelled/phrases/The Legend of Zelda_N64_The Legend of Zelda Majora's Mask_Deku Palace_0.mid,happy
labelled/phrases/The Legend of Zelda_N64_The Legend of Zelda Majora's Mask_Song of Healing_0.mid,calm
labelled/phrases/The Legend of Zelda_N64_The Legend of Zelda Majora's Mask_Stone Temple Tower_0.mid,sad
labelled/phrases/The Legend of Zelda_N64_The Legend of Zelda Majora's Mask_Stone Tower Temple Inverted_0.mid,angry
labelled/phrases/The Legend of Zelda_N64_The Legend of Zelda Majora's Mask_The Mayors Office_0.mid,happy
labelled/phrases/The Legend of Zelda_N64_The Legend of Zelda Ocarina of Time_Forest Temple_0.mid,angry
labelled/phrases/The Legend of Zelda_N64_The Legend of Zelda Ocarina of Time_Ganondorf_0.mid,sad
labelled/phrases/The Legend of Zelda_N64_The Legend of Zelda Ocarina of Time_Gerudo Valley_0.mid,happy
labelled/phrases/The Legend of Zelda_N64_The Legend of Zelda Ocarina of Time_Goron City_0.mid,happy
labelled/phrases/The Legend of Zelda_N64_The Legend of Zelda Ocarina of Time_Hyrule Castle Courtyard_0.mid,happy
labelled/phrases/The Legend of Zelda_N64_The Legend of Zelda Ocarina of Time_Hyrule Castle Town_0.mid,happy
labelled/phrases/The Legend of Zelda_N64_The Legend of Zelda Ocarina of Time_Inside Jabu Jabus Belly_0.mid,angry
labelled/phrases/The Legend of Zelda_N64_The Legend of Zelda Ocarina of Time_Introduction_0.mid,calm
labelled/phrases/The Legend of Zelda_N64_The Legend of Zelda Ocarina of Time_Kakariko Village_0.mid,calm
labelled/phrases/The Legend of Zelda_N64_The Legend of Zelda Ocarina of Time_Kokiri Forest_0.mid,happy
labelled/phrases/The Legend of Zelda_N64_The Legend of Zelda Ocarina of Time_Links House_0.mid,happy
labelled/phrases/The Legend of Zelda_N64_The Legend of Zelda Ocarina of Time_Lost Woods_0.mid,calm
labelled/phrases/The Legend of Zelda_N64_The Legend of Zelda Ocarina of Time_Medley of Time_0.mid,happy
labelled/phrases/The Legend of Zelda_N64_The Legend of Zelda Ocarina of Time_Owls Theme_0.mid,happy
labelled/phrases/The Legend of Zelda_N64_The Legend of Zelda Ocarina of Time_Prelude of Light_0.mid,calm
labelled/phrases/The Legend of Zelda_N64_The Legend of Zelda Ocarina of Time_Sarias Song_0.mid,happy
labelled/phrases/The Legend of Zelda_N64_The Legend of Zelda Ocarina of Time_Serenade of Water_0.mid,calm
labelled/phrases/The Legend of Zelda_N64_The Legend of Zelda Ocarina of Time_Song of Storms_0.mid,happy
labelled/phrases/The Legend of Zelda_N64_The Legend of Zelda Ocarina of Time_Temple of Time_0.mid,sad
labelled/phrases/The Legend of Zelda_N64_The Legend of Zelda Ocarina of Time_Windmill Hut_0.mid,calm
labelled/phrases/The Legend of Zelda_N64_The Legend of Zelda Ocarina of Time_Zeldas Lullaby_0.mid,calm
labelled/phrases/Xeno_PS1_Xenogears_Bonds of Sea and Fire_0.mid,calm
labelled/phrases/Xeno_PS1_Xenogears_Gathering Stars In the Night Sky_0.mid,calm
labelled/phrases/Xeno_PS1_Xenogears_Knight of Fire_0.mid,angry
labelled/phrases/Xeno_PS1_Xenogears_Lost Broken Shards_0.mid,calm
labelled/phrases/Xeno_PS1_Xenogears_Ship of Regret and Sleep_0.mid,calm
labelled/phrases/Xeno_PS1_Xenogears_Tears of the Stars Hearts of the People_0.mid,sad
labelled/phrases/Xeno_PS1_Xenogears_The Wounded Shall Advance Into the Light_0.mid,calm
labelled/phrases/Xeno_PS1_Xenogears_Treasure Which Cannot Be Stolen_0.mid,calm
labelled/phrases/Xeno_PS1_Xenogears_Two Pieces_0.mid,calm
labelled/phrases/Xeno_PS1_Xenogears_Valley Where the Wind Is Born_0.mid,calm
